system:index,ALL_ORBITS,MGRS_TILE,ORBITS_TO_KEEP,ORBIT_MEAN_NODATA_PERCENTAGE,.geo
0,[67.0],21MZR,[67.0],[8.560975609756101E-6],"{""type"":""MultiPoint"",""coordinates"":[]}"
1,[67.0],21MZS,[67.0],[2.371964071428572],"{""type"":""MultiPoint"",""coordinates"":[]}"
2,[67.0],21MZT,[67.0],[3.814265255813952],"{""type"":""MultiPoint"",""coordinates"":[]}"
3,[67.0],21MZU,[67.0],[3.2439024390243904E-6],"{""type"":""MultiPoint"",""coordinates"":[]}"
4,[67.0],22MBB,[67.0],[2.2063523333333332],"{""type"":""MultiPoint"",""coordinates"":[]}"
5,[67.0],22MBC,[67.0],[3.858042651162791],"{""type"":""MultiPoint"",""coordinates"":[]}"
6,[67.0],22MBD,[67.0],[3.560975609756097E-6],"{""type"":""MultiPoint"",""coordinates"":[]}"
7,[67.0],22MBE,[67.0],[2.188671523809524],"{""type"":""MultiPoint"",""coordinates"":[]}"
8,[67.0],22NBF,[67.0],[2.0068156428571426],"{""type"":""MultiPoint"",""coordinates"":[]}"
9,[67.0],22NBG,[67.0],[1.804878048780488E-6],"{""type"":""MultiPoint"",""coordinates"":[]}"
10,[67.0],22NCG,[67.0],[7.487804878048781E-6],"{""type"":""MultiPoint"",""coordinates"":[]}"
11,[67.0],22NCH,[67.0],[7.02439024390244E-6],"{""type"":""MultiPoint"",""coordinates"":[]}"
12,[67.0],22NCJ,[67.0],[5.390243902439024E-6],"{""type"":""MultiPoint"",""coordinates"":[]}"
13,[67.0],22NCK,[67.0],[4.1951219512195115E-6],"{""type"":""MultiPoint"",""coordinates"":[]}"
14,[67.0],22NCL,[67.0],[1.4634146341463415E-7],"{""type"":""MultiPoint"",""coordinates"":[]}"
15,[67.0],22NCM,[67.0],[63.09546363414634],"{""type"":""MultiPoint"",""coordinates"":[]}"
16,[67.0],22NDL,[67.0],[0.5494132195121952],"{""type"":""MultiPoint"",""coordinates"":[]}"
17,[67.0],22NDM,[67.0],[83.51392356097558],"{""type"":""MultiPoint"",""coordinates"":[]}"
18,[67.0],22NEL,[67.0],[69.59459687804876],"{""type"":""MultiPoint"",""coordinates"":[]}"
19,"[24.0, 67.0]",19FEV,"[24.0, 67.0]","[3.8024931818181824, 11.737318416666662]","{""type"":""MultiPoint"",""coordinates"":[]}"
20,"[67.0, 24.0]",19FFC,"[67.0, 24.0]","[9.249999999999999E-7, 96.8289225]","{""type"":""MultiPoint"",""coordinates"":[]}"
21,[67.0],20GLP,[67.0],[1.1184903170731708],"{""type"":""MultiPoint"",""coordinates"":[]}"
22,[67.0],20GMP,[67.0],[42.241822658536584],"{""type"":""MultiPoint"",""coordinates"":[]}"
23,[67.0],20GMQ,[67.0],[20.21001587804878],"{""type"":""MultiPoint"",""coordinates"":[]}"
24,[67.0],20GMR,[67.0],[6.188456860465116],"{""type"":""MultiPoint"",""coordinates"":[]}"
25,[67.0],20GMS,[67.0],[4.248971418604651],"{""type"":""MultiPoint"",""coordinates"":[]}"
26,[67.0],20GNQ,[67.0],[99.98476510810809],"{""type"":""MultiPoint"",""coordinates"":[]}"
27,[67.0],20GNR,[67.0],[89.72430855813955],"{""type"":""MultiPoint"",""coordinates"":[]}"
28,"[67.0, 110.0]",20HND,"[67.0, 110.0]","[11.098109022222223, 99.99656946153847]","{""type"":""MultiPoint"",""coordinates"":[]}"
29,[67.0],20HPH,[67.0],[2.0997988461538464],"{""type"":""MultiPoint"",""coordinates"":[]}"
30,[67.0],20JQL,[67.0],[1.5726815384615385],"{""type"":""MultiPoint"",""coordinates"":[]}"
31,[67.0],20JQM,[67.0],[2.046187775000001],"{""type"":""MultiPoint"",""coordinates"":[]}"
32,[67.0],21JTJ,[67.0],[1.0410256410256412E-5],"{""type"":""MultiPoint"",""coordinates"":[]}"
33,[67.0],21JTK,[67.0],[1.6119283000000006],"{""type"":""MultiPoint"",""coordinates"":[]}"
34,[67.0],21JTL,[67.0],[2.1600053902439034],"{""type"":""MultiPoint"",""coordinates"":[]}"
35,[67.0],21JUN,[67.0],[1.1E-6],"{""type"":""MultiPoint"",""coordinates"":[]}"
36,[67.0],21KUP,[67.0],[5.750000000000001E-7],"{""type"":""MultiPoint"",""coordinates"":[]}"
37,[67.0],21KUQ,[67.0],[1.5E-7],"{""type"":""MultiPoint"",""coordinates"":[]}"
38,[67.0],21KUR,[67.0],[1.5E-7],"{""type"":""MultiPoint"",""coordinates"":[]}"
39,[67.0],21KVT,[67.0],[5.862277813953488],"{""type"":""MultiPoint"",""coordinates"":[]}"
40,[67.0],21KVU,[67.0],[2.4E-6],"{""type"":""MultiPoint"",""coordinates"":[]}"
41,[139.0],22VFL,[139.0],[95.99601546428572],"{""type"":""MultiPoint"",""coordinates"":[]}"
42,[139.0],22UDV,[139.0],[1.9684149534883724],"{""type"":""MultiPoint"",""coordinates"":[]}"
43,[139.0],22UEA,[139.0],[28.048513761904772],"{""type"":""MultiPoint"",""coordinates"":[]}"
44,[139.0],22UEB,[139.0],[97.65382902857142],"{""type"":""MultiPoint"",""coordinates"":[]}"
45,[139.0],22UEV,[139.0],[42.55409995238095],"{""type"":""MultiPoint"",""coordinates"":[]}"
46,[139.0],19MFM,[139.0],[13.120382839999992],"{""type"":""MultiPoint"",""coordinates"":[]}"
47,[139.0],19MFN,[139.0],[1.976190476190476E-6],"{""type"":""MultiPoint"",""coordinates"":[]}"
48,[139.0],19MGN,[139.0],[1.5476190476190474E-6],"{""type"":""MultiPoint"",""coordinates"":[]}"
49,[139.0],19MGP,[139.0],[2.1904761904761908E-6],"{""type"":""MultiPoint"",""coordinates"":[]}"
50,[139.0],19MGQ,[139.0],[2.095966744186047],"{""type"":""MultiPoint"",""coordinates"":[]}"
51,[139.0],19MGR,[139.0],[1.9865590697674418],"{""type"":""MultiPoint"",""coordinates"":[]}"
52,[139.0],19MGS,[139.0],[9.238095238095239E-6],"{""type"":""MultiPoint"",""coordinates"":[]}"
53,[139.0],19MGT,[139.0],[1.9079555581395347],"{""type"":""MultiPoint"",""coordinates"":[]}"
54,[139.0],19MHS,[139.0],[2.3222724186046517],"{""type"":""MultiPoint"",""coordinates"":[]}"
55,[139.0],19MHT,[139.0],[1.903831581395349],"{""type"":""MultiPoint"",""coordinates"":[]}"
56,[139.0],19MHU,[139.0],[3.5476190476190467E-6],"{""type"":""MultiPoint"",""coordinates"":[]}"
57,[139.0],19MHV,[139.0],[2.126238767441861],"{""type"":""MultiPoint"",""coordinates"":[]}"
58,[139.0],19NHA,[139.0],[1.9659934186046515],"{""type"":""MultiPoint"",""coordinates"":[]}"
59,[139.0],19NHB,[139.0],[1.9084630232558137],"{""type"":""MultiPoint"",""coordinates"":[]}"
60,[139.0],20MKE,[139.0],[1.93006],"{""type"":""MultiPoint"",""coordinates"":[]}"
61,[139.0],20NKF,[139.0],[4.330641954545455],"{""type"":""MultiPoint"",""coordinates"":[]}"
62,[139.0],20NKG,[139.0],[1.9180987674418608],"{""type"":""MultiPoint"",""coordinates"":[]}"
63,[139.0],20NKH,[139.0],[1.906659627906977],"{""type"":""MultiPoint"",""coordinates"":[]}"
64,[139.0],20NKJ,[139.0],[3.880952380952381E-6],"{""type"":""MultiPoint"",""coordinates"":[]}"
65,[139.0],20NKK,[139.0],[3.5000000000000004E-5],"{""type"":""MultiPoint"",""coordinates"":[]}"
66,[139.0],20NLK,[139.0],[2.0000000000000003E-6],"{""type"":""MultiPoint"",""coordinates"":[]}"
67,[139.0],20NLL,[139.0],[4.7785714285714287E-5],"{""type"":""MultiPoint"",""coordinates"":[]}"
68,[139.0],20NLM,[139.0],[2.0714285714285713E-6],"{""type"":""MultiPoint"",""coordinates"":[]}"
69,[139.0],20NLN,[139.0],[9.285714285714285E-7],"{""type"":""MultiPoint"",""coordinates"":[]}"
70,[139.0],20NLP,[139.0],[3.7857142857142847E-6],"{""type"":""MultiPoint"",""coordinates"":[]}"
71,[139.0],20NMP,[139.0],[5.214285714285714E-6],"{""type"":""MultiPoint"",""coordinates"":[]}"
72,[139.0],20PLQ,[139.0],[5.095238095238094E-6],"{""type"":""MultiPoint"",""coordinates"":[]}"
73,[139.0],20PMQ,[139.0],[2.2321566279069773],"{""type"":""MultiPoint"",""coordinates"":[]}"
74,[139.0],20PMR,[139.0],[3.737803931818182],"{""type"":""MultiPoint"",""coordinates"":[]}"
75,[139.0],20PMS,[139.0],[6.190476190476191E-7],"{""type"":""MultiPoint"",""coordinates"":[]}"
76,[139.0],20PMT,[139.0],[0.0],"{""type"":""MultiPoint"",""coordinates"":[]}"
77,[139.0],20PMU,[139.0],[0.0],"{""type"":""MultiPoint"",""coordinates"":[]}"
78,[139.0],20PNA,[139.0],[0.0],"{""type"":""MultiPoint"",""coordinates"":[]}"
79,[139.0],20PNB,[139.0],[0.0],"{""type"":""MultiPoint"",""coordinates"":[]}"
80,[139.0],20PNC,[139.0],[0.0],"{""type"":""MultiPoint"",""coordinates"":[]}"
81,[139.0],20PNU,[139.0],[0.0],"{""type"":""MultiPoint"",""coordinates"":[]}"
82,[139.0],20PNV,[139.0],[0.0],"{""type"":""MultiPoint"",""coordinates"":[]}"
83,[139.0],20QPD,[139.0],[3.7244225454545457],"{""type"":""MultiPoint"",""coordinates"":[]}"
84,[139.0],20QPE,[139.0],[2.3809523809523811E-7],"{""type"":""MultiPoint"",""coordinates"":[]}"
85,[139.0],20QPF,[139.0],[0.006023357142857143],"{""type"":""MultiPoint"",""coordinates"":[]}"
86,[139.0],20QPG,[139.0],[78.37907326190478],"{""type"":""MultiPoint"",""coordinates"":[]}"
87,[139.0],17GPL,[139.0],[94.92891176190476],"{""type"":""MultiPoint"",""coordinates"":[]}"
88,[139.0],17GPM,[139.0],[59.72669579545456],"{""type"":""MultiPoint"",""coordinates"":[]}"
89,[139.0],17GPN,[139.0],[85.87997572727272],"{""type"":""MultiPoint"",""coordinates"":[]}"
90,[139.0],17GQL,[139.0],[71.22913397619044],"{""type"":""MultiPoint"",""coordinates"":[]}"
91,[139.0],17GQM,[139.0],[3.7308156818181826],"{""type"":""MultiPoint"",""coordinates"":[]}"
92,[139.0],17GQN,[139.0],[7.325815555555557],"{""type"":""MultiPoint"",""coordinates"":[]}"
93,[139.0],17GQP,[139.0],[24.80338320930232],"{""type"":""MultiPoint"",""coordinates"":[]}"
94,[139.0],17GQQ,[139.0],[52.03026249999998],"{""type"":""MultiPoint"",""coordinates"":[]}"
95,[139.0],17GQR,[139.0],[80.65039707317077],"{""type"":""MultiPoint"",""coordinates"":[]}"
96,[139.0],18GTA,[139.0],[70.35746992682928],"{""type"":""MultiPoint"",""coordinates"":[]}"
97,[139.0],18GTU,[139.0],[26.304090714285717],"{""type"":""MultiPoint"",""coordinates"":[]}"
98,[139.0],18GTV,[139.0],[48.475176761904756],"{""type"":""MultiPoint"",""coordinates"":[]}"
99,[139.0],18GUA,[139.0],[2.203066880952381],"{""type"":""MultiPoint"",""coordinates"":[]}"
100,[139.0],18GUU,[139.0],[0.0],"{""type"":""MultiPoint"",""coordinates"":[]}"
101,[139.0],18GUV,[139.0],[0.8901121428571428],"{""type"":""MultiPoint"",""coordinates"":[]}"
102,[139.0],18HTB,[139.0],[92.42922651162789],"{""type"":""MultiPoint"",""coordinates"":[]}"
103,[139.0],18HUB,[139.0],[6.689232255813952],"{""type"":""MultiPoint"",""coordinates"":[]}"
104,[139.0],18HUC,[139.0],[23.945324190476192],"{""type"":""MultiPoint"",""coordinates"":[]}"
105,[139.0],18HUD,[139.0],[46.50163876190476],"{""type"":""MultiPoint"",""coordinates"":[]}"
106,[139.0],18HUE,[139.0],[69.1931068571429],"{""type"":""MultiPoint"",""coordinates"":[]}"
107,[139.0],18HUF,[139.0],[91.5725523095238],"{""type"":""MultiPoint"",""coordinates"":[]}"
108,[139.0],18HVB,[139.0],[2.7286847441860465],"{""type"":""MultiPoint"",""coordinates"":[]}"
109,[139.0],18HVC,[139.0],[7.142857142857144E-8],"{""type"":""MultiPoint"",""coordinates"":[]}"
110,[139.0],18HVD,[139.0],[0.0],"{""type"":""MultiPoint"",""coordinates"":[]}"
111,[139.0],18HVE,[139.0],[7.142857142857144E-8],"{""type"":""MultiPoint"",""coordinates"":[]}"
112,[139.0],18HVF,[139.0],[3.6346760952380954],"{""type"":""MultiPoint"",""coordinates"":[]}"
113,[139.0],18HVG,[139.0],[27.01953602272727],"{""type"":""MultiPoint"",""coordinates"":[]}"
114,[139.0],18HVH,[139.0],[48.89982168181817],"{""type"":""MultiPoint"",""coordinates"":[]}"
115,[139.0],18HVJ,[139.0],[70.02786561904762],"{""type"":""MultiPoint"",""coordinates"":[]}"
116,[139.0],18HVK,[139.0],[92.52941921428574],"{""type"":""MultiPoint"",""coordinates"":[]}"
117,[139.0],18HWF,[139.0],[7.142857142857144E-8],"{""type"":""MultiPoint"",""coordinates"":[]}"
118,[139.0],18HWG,[139.0],[3.732957681818181],"{""type"":""MultiPoint"",""coordinates"":[]}"
119,[139.0],18HWH,[139.0],[4.421713272727273],"{""type"":""MultiPoint"",""coordinates"":[]}"
120,[139.0],18HWJ,[139.0],[7.142857142857144E-8],"{""type"":""MultiPoint"",""coordinates"":[]}"
121,[139.0],18HWK,[139.0],[4.3588879999999985],"{""type"":""MultiPoint"",""coordinates"":[]}"
122,[139.0],18HXK,[139.0],[6.380952380952381E-6],"{""type"":""MultiPoint"",""coordinates"":[]}"
123,[139.0],18JWL,[139.0],[25.44522123809524],"{""type"":""MultiPoint"",""coordinates"":[]}"
124,[139.0],18JWM,[139.0],[48.791895976190474],"{""type"":""MultiPoint"",""coordinates"":[]}"
125,[139.0],18JWN,[139.0],[72.22078790476192],"{""type"":""MultiPoint"",""coordinates"":[]}"
126,[139.0],18JWP,[139.0],[94.2586541904762],"{""type"":""MultiPoint"",""coordinates"":[]}"
127,[139.0],18JXL,[139.0],[5.4595238095238093E-5],"{""type"":""MultiPoint"",""coordinates"":[]}"
128,[139.0],18JXM,[139.0],[7.142857142857144E-8],"{""type"":""MultiPoint"",""coordinates"":[]}"
129,[139.0],18JXN,[139.0],[7.857142857142857E-7],"{""type"":""MultiPoint"",""coordinates"":[]}"
130,[139.0],18JXP,[139.0],[5.939002761904763],"{""type"":""MultiPoint"",""coordinates"":[]}"
131,[139.0],18JXQ,[139.0],[29.597595906976746],"{""type"":""MultiPoint"",""coordinates"":[]}"
132,[139.0],18JXR,[139.0],[53.52331168181818],"{""type"":""MultiPoint"",""coordinates"":[]}"
133,[139.0],18JXS,[139.0],[75.74853553488373],"{""type"":""MultiPoint"",""coordinates"":[]}"
134,[139.0],18JXT,[139.0],[96.13159242857144],"{""type"":""MultiPoint"",""coordinates"":[]}"
135,[139.0],18JYN,[139.0],[2.380952380952381E-7],"{""type"":""MultiPoint"",""coordinates"":[]}"
136,[139.0],18JYP,[139.0],[4.523809523809524E-7],"{""type"":""MultiPoint"",""coordinates"":[]}"
137,[139.0],18JYQ,[139.0],[1.9040202093023255],"{""type"":""MultiPoint"",""coordinates"":[]}"
138,[139.0],18JYR,[139.0],[4.0930562727272735],"{""type"":""MultiPoint"",""coordinates"":[]}"
139,[139.0],18JYS,[139.0],[5.714285714285715E-7],"{""type"":""MultiPoint"",""coordinates"":[]}"
140,[139.0],18JYT,[139.0],[8.286052142857143],"{""type"":""MultiPoint"",""coordinates"":[]}"
141,[139.0],18JZS,[139.0],[7.142857142857144E-7],"{""type"":""MultiPoint"",""coordinates"":[]}"
142,[139.0],18JZT,[139.0],[2.1428571428571428E-7],"{""type"":""MultiPoint"",""coordinates"":[]}"
143,[139.0],18KYA,[139.0],[78.50712702380952],"{""type"":""MultiPoint"",""coordinates"":[]}"
144,[139.0],18KYB,[139.0],[97.41736188888889],"{""type"":""MultiPoint"",""coordinates"":[]}"
145,[139.0],18KYU,[139.0],[31.35780592857142],"{""type"":""MultiPoint"",""coordinates"":[]}"
146,[139.0],18KYV,[139.0],[54.94340969047618],"{""type"":""MultiPoint"",""coordinates"":[]}"
147,[139.0],18KZA,[139.0],[0.006299023809523809],"{""type"":""MultiPoint"",""coordinates"":[]}"
148,[139.0],18KZB,[139.0],[12.768130581395344],"{""type"":""MultiPoint"",""coordinates"":[]}"
149,[139.0],18KZC,[139.0],[34.4809511904762],"{""type"":""MultiPoint"",""coordinates"":[]}"
150,[139.0],18KZD,[139.0],[61.06428593478262],"{""type"":""MultiPoint"",""coordinates"":[]}"
151,[139.0],18KZU,[139.0],[6.190476190476189E-7],"{""type"":""MultiPoint"",""coordinates"":[]}"
152,[139.0],18KZV,[139.0],[1.1904761904761906E-6],"{""type"":""MultiPoint"",""coordinates"":[]}"
153,[139.0],19JBM,[139.0],[1.0238095238095238E-6],"{""type"":""MultiPoint"",""coordinates"":[]}"
154,[139.0],19JBN,[139.0],[1.0E-6],"{""type"":""MultiPoint"",""coordinates"":[]}"
155,[139.0],19KBP,[139.0],[7.142857142857142E-7],"{""type"":""MultiPoint"",""coordinates"":[]}"
156,[139.0],19KBQ,[139.0],[1.0952380952380952E-6],"{""type"":""MultiPoint"",""coordinates"":[]}"
157,[139.0],19KBR,[139.0],[5.476190476190476E-7],"{""type"":""MultiPoint"",""coordinates"":[]}"
158,[139.0],19KBS,[139.0],[1.9486554883720935],"{""type"":""MultiPoint"",""coordinates"":[]}"
159,[139.0],19KBT,[139.0],[10.275519523809525],"{""type"":""MultiPoint"",""coordinates"":[]}"
160,[139.0],19KBU,[139.0],[35.398699086956526],"{""type"":""MultiPoint"",""coordinates"":[]}"
161,[139.0],19KCR,[139.0],[8.095238095238095E-7],"{""type"":""MultiPoint"",""coordinates"":[]}"
162,[139.0],19KCS,[139.0],[1.9060385581395347],"{""type"":""MultiPoint"",""coordinates"":[]}"
163,[139.0],19KCT,[139.0],[2.113499302325581],"{""type"":""MultiPoint"",""coordinates"":[]}"
164,[139.0],19KCU,[139.0],[7.193455782608695],"{""type"":""MultiPoint"",""coordinates"":[]}"
165,[139.0],19KDA,[139.0],[5.516579733333333],"{""type"":""MultiPoint"",""coordinates"":[]}"
166,[139.0],19KDB,[139.0],[4.087112181818182],"{""type"":""MultiPoint"",""coordinates"":[]}"
167,[139.0],19KDV,[139.0],[3.9578973409090903],"{""type"":""MultiPoint"",""coordinates"":[]}"
168,[139.0],19LDC,[139.0],[1.9085203255813952],"{""type"":""MultiPoint"",""coordinates"":[]}"
169,[139.0],19LDD,[139.0],[3.8023809523809516E-5],"{""type"":""MultiPoint"",""coordinates"":[]}"
170,[139.0],19LED,[139.0],[2.407142857142857E-5],"{""type"":""MultiPoint"",""coordinates"":[]}"
171,[139.0],19LEE,[139.0],[1.9048731395348837],"{""type"":""MultiPoint"",""coordinates"":[]}"
172,[139.0],19LEF,[139.0],[6.0920029555555555],"{""type"":""MultiPoint"",""coordinates"":[]}"
173,[139.0],19LEG,[139.0],[19.263175703703702],"{""type"":""MultiPoint"",""coordinates"":[]}"
174,[139.0],19LEH,[139.0],[10.510964312499999],"{""type"":""MultiPoint"",""coordinates"":[]}"
175,[139.0],19LEJ,[139.0],[8.333333333333332E-7],"{""type"":""MultiPoint"",""coordinates"":[]}"
176,[139.0],19LFJ,[139.0],[2.080918581395349],"{""type"":""MultiPoint"",""coordinates"":[]}"
177,[139.0],19LFK,[139.0],[2.0015611860465126],"{""type"":""MultiPoint"",""coordinates"":[]}"
178,[139.0],19LFL,[139.0],[1.9523809523809523E-6],"{""type"":""MultiPoint"",""coordinates"":[]}"
179,[68.0],19TFE,[68.0],[72.48305168292683],"{""type"":""MultiPoint"",""coordinates"":[]}"
180,[68.0],19TFF,[68.0],[0.01621358536585366],"{""type"":""MultiPoint"",""coordinates"":[]}"
181,[68.0],19TFG,[68.0],[4.036471906976744],"{""type"":""MultiPoint"",""coordinates"":[]}"
182,[68.0],19TGE,[68.0],[89.34644785365857],"{""type"":""MultiPoint"",""coordinates"":[]}"
183,[68.0],19TGF,[68.0],[59.452781000000016],"{""type"":""MultiPoint"",""coordinates"":[]}"
184,[68.0],19TGG,[68.0],[39.92668134883721],"{""type"":""MultiPoint"",""coordinates"":[]}"
185,[68.0],20TKK,[68.0],[93.13138095121948],"{""type"":""MultiPoint"",""coordinates"":[]}"
186,[68.0],20TKL,[68.0],[63.70217465853659],"{""type"":""MultiPoint"",""coordinates"":[]}"
187,[68.0],20TKM,[68.0],[37.46155069767441],"{""type"":""MultiPoint"",""coordinates"":[]}"
188,[68.0],21VVE,[68.0],[49.19296163414632],"{""type"":""MultiPoint"",""coordinates"":[]}"
189,[68.0],21VVF,[68.0],[96.2216042162162],"{""type"":""MultiPoint"",""coordinates"":[]}"
190,[68.0],18PWC,[68.0],[4.391867307692308],"{""type"":""MultiPoint"",""coordinates"":[]}"
191,[68.0],18QWD,[68.0],[4.311212025641026],"{""type"":""MultiPoint"",""coordinates"":[]}"
192,[68.0],18QWE,[68.0],[4.46189358974359],"{""type"":""MultiPoint"",""coordinates"":[]}"
193,[68.0],18QWF,[68.0],[11.503106395348837],"{""type"":""MultiPoint"",""coordinates"":[]}"
194,[68.0],18QXG,[68.0],[10.794556372093025],"{""type"":""MultiPoint"",""coordinates"":[]}"
195,[68.0],18QXH,[68.0],[6.055246119047619],"{""type"":""MultiPoint"",""coordinates"":[]}"
196,[68.0],18QXJ,[68.0],[0.0],"{""type"":""MultiPoint"",""coordinates"":[]}"
197,[68.0],18QXK,[68.0],[3.1972058780487806],"{""type"":""MultiPoint"",""coordinates"":[]}"
198,[68.0],18QYL,[68.0],[0.0],"{""type"":""MultiPoint"",""coordinates"":[]}"
199,[68.0],18QYM,[68.0],[16.46050669047619],"{""type"":""MultiPoint"",""coordinates"":[]}"
200,[68.0],18QZM,[68.0],[57.47381142857144],"{""type"":""MultiPoint"",""coordinates"":[]}"
201,[68.0],19QBG,[68.0],[65.79298116666666],"{""type"":""MultiPoint"",""coordinates"":[]}"
202,[68.0],17LMK,[68.0],[98.59053553658535],"{""type"":""MultiPoint"",""coordinates"":[]}"
203,[68.0],17LML,[68.0],[42.65223654761905],"{""type"":""MultiPoint"",""coordinates"":[]}"
204,[68.0],17LNK,[68.0],[84.07814446341462],"{""type"":""MultiPoint"",""coordinates"":[]}"
205,[68.0],17LNL,[68.0],[2.3636727619047626],"{""type"":""MultiPoint"",""coordinates"":[]}"
206,[68.0],17LPL,[68.0],[1.949455904761905],"{""type"":""MultiPoint"",""coordinates"":[]}"
207,[68.0],17MMM,[68.0],[55.34481939024389],"{""type"":""MultiPoint"",""coordinates"":[]}"
208,[68.0],17MNM,[68.0],[7.317073170731708E-8],"{""type"":""MultiPoint"",""coordinates"":[]}"
209,[68.0],17MPM,[68.0],[4.620604186046512],"{""type"":""MultiPoint"",""coordinates"":[]}"
210,[68.0],17MPN,[68.0],[7.284338266666666],"{""type"":""MultiPoint"",""coordinates"":[]}"
211,[68.0],17MPP,[68.0],[4.288690674418604],"{""type"":""MultiPoint"",""coordinates"":[]}"
212,[68.0],17MPQ,[68.0],[4.033938232558141],"{""type"":""MultiPoint"",""coordinates"":[]}"
213,[68.0],17MPR,[68.0],[4.318362023255814],"{""type"":""MultiPoint"",""coordinates"":[]}"
214,[68.0],17MQR,[68.0],[4.784503093023257],"{""type"":""MultiPoint"",""coordinates"":[]}"
215,[68.0],17MQS,[68.0],[3.9835188333333327],"{""type"":""MultiPoint"",""coordinates"":[]}"
216,[68.0],17MQT,[68.0],[6.0291176279069765],"{""type"":""MultiPoint"",""coordinates"":[]}"
217,[68.0],17MQU,[68.0],[5.367802214285715],"{""type"":""MultiPoint"",""coordinates"":[]}"
218,[68.0],17MQV,[68.0],[1.974358974358975E-6],"{""type"":""MultiPoint"",""coordinates"":[]}"
219,[68.0],17MRV,[68.0],[1.5384615384615385E-7],"{""type"":""MultiPoint"",""coordinates"":[]}"
220,[68.0],17NQA,[68.0],[4.826730243902438],"{""type"":""MultiPoint"",""coordinates"":[]}"
221,[68.0],17NQE,[68.0],[47.708430780487795],"{""type"":""MultiPoint"",""coordinates"":[]}"
222,[68.0],17NQF,[68.0],[65.26990828205129],"{""type"":""MultiPoint"",""coordinates"":[]}"
223,[68.0],17NRA,[68.0],[4.196118585365855],"{""type"":""MultiPoint"",""coordinates"":[]}"
224,[68.0],17NRB,[68.0],[4.365253585365854],"{""type"":""MultiPoint"",""coordinates"":[]}"
225,[68.0],17NRC,[68.0],[2.050153825],"{""type"":""MultiPoint"",""coordinates"":[]}"
226,[68.0],17NRD,[68.0],[4.837176],"{""type"":""MultiPoint"",""coordinates"":[]}"
227,[68.0],17NRE,[68.0],[4.002216414634146],"{""type"":""MultiPoint"",""coordinates"":[]}"
228,[68.0],17NRF,[68.0],[2.483418425],"{""type"":""MultiPoint"",""coordinates"":[]}"
229,[68.0],18NTH,[68.0],[2.047885425],"{""type"":""MultiPoint"",""coordinates"":[]}"
230,[68.0],18NTJ,[68.0],[4.433362097560975],"{""type"":""MultiPoint"",""coordinates"":[]}"
231,[68.0],18NTK,[68.0],[4.14821712195122],"{""type"":""MultiPoint"",""coordinates"":[]}"
232,[68.0],18NTL,[68.0],[2.2970777],"{""type"":""MultiPoint"",""coordinates"":[]}"
233,[68.0],18NTM,[68.0],[2.108416525],"{""type"":""MultiPoint"",""coordinates"":[]}"
234,[68.0],18NTN,[68.0],[2.909016525],"{""type"":""MultiPoint"",""coordinates"":[]}"
235,[68.0],18NUN,[68.0],[5.638662780487805],"{""type"":""MultiPoint"",""coordinates"":[]}"
236,[68.0],18NUP,[68.0],[7.834770761904762],"{""type"":""MultiPoint"",""coordinates"":[]}"
237,[68.0],18PUQ,[68.0],[3.530406564102564],"{""type"":""MultiPoint"",""coordinates"":[]}"
238,[68.0],18PUR,[68.0],[2.221519342105263],"{""type"":""MultiPoint"",""coordinates"":[]}"
239,[68.0],18PUS,[68.0],[0.0],"{""type"":""MultiPoint"",""coordinates"":[]}"
240,[68.0],18PVA,[68.0],[0.0],"{""type"":""MultiPoint"",""coordinates"":[]}"
241,[68.0],18PVB,[68.0],[0.0],"{""type"":""MultiPoint"",""coordinates"":[]}"
242,[68.0],18PVS,[68.0],[8.108108108108108E-8],"{""type"":""MultiPoint"",""coordinates"":[]}"
243,[68.0],18PVT,[68.0],[0.0],"{""type"":""MultiPoint"",""coordinates"":[]}"
244,[68.0],18PVU,[68.0],[2.157021052631579],"{""type"":""MultiPoint"",""coordinates"":[]}"
245,[68.0],18PVV,[68.0],[0.0],"{""type"":""MultiPoint"",""coordinates"":[]}"
246,[68.0],18PWB,[68.0],[0.0],"{""type"":""MultiPoint"",""coordinates"":[]}"
247,[140.0],16PCV,[140.0],[13.20239702],"{""type"":""MultiPoint"",""coordinates"":[]}"
248,[140.0],16PDA,[140.0],[1.9061392558139538],"{""type"":""MultiPoint"",""coordinates"":[]}"
249,[140.0],16PDB,[140.0],[1.907196953488372],"{""type"":""MultiPoint"",""coordinates"":[]}"
250,[140.0],16PDC,[140.0],[3.7274766363636362],"{""type"":""MultiPoint"",""coordinates"":[]}"
251,[140.0],16PDV,[140.0],[13.235059479999997],"{""type"":""MultiPoint"",""coordinates"":[]}"
252,[140.0],16QDD,[140.0],[0.0],"{""type"":""MultiPoint"",""coordinates"":[]}"
253,[140.0],16QEE,[140.0],[1.9601702325581394],"{""type"":""MultiPoint"",""coordinates"":[]}"
254,[140.0],16QEF,[140.0],[4.0825896590909085],"{""type"":""MultiPoint"",""coordinates"":[]}"
255,[140.0],16QEG,[140.0],[3.7281708636363633],"{""type"":""MultiPoint"",""coordinates"":[]}"
256,[140.0],16QEH,[140.0],[7.142857142857144E-8],"{""type"":""MultiPoint"",""coordinates"":[]}"
257,[140.0],16QFK,[140.0],[3.7250956818181824],"{""type"":""MultiPoint"",""coordinates"":[]}"
258,[140.0],16QFL,[140.0],[0.0],"{""type"":""MultiPoint"",""coordinates"":[]}"
259,[140.0],16QFM,[140.0],[1.9071776511627907],"{""type"":""MultiPoint"",""coordinates"":[]}"
260,[140.0],16RFN,[140.0],[1.9278004651162794],"{""type"":""MultiPoint"",""coordinates"":[]}"
261,[140.0],16RGQ,[140.0],[4.7619047619047623E-7],"{""type"":""MultiPoint"",""coordinates"":[]}"
262,[140.0],16RGR,[140.0],[1.738095238095238E-6],"{""type"":""MultiPoint"",""coordinates"":[]}"
263,[140.0],16RGS,[140.0],[0.0],"{""type"":""MultiPoint"",""coordinates"":[]}"
264,[140.0],17RKP,[140.0],[5.960422155555555],"{""type"":""MultiPoint"",""coordinates"":[]}"
265,[140.0],17RKQ,[140.0],[5.9906394],"{""type"":""MultiPoint"",""coordinates"":[]}"
266,[140.0],17SLT,[140.0],[7.439120086956517],"{""type"":""MultiPoint"",""coordinates"":[]}"
267,[140.0],17SMB,[140.0],[3.960489363636364],"{""type"":""MultiPoint"",""coordinates"":[]}"
268,[140.0],15PZP,[140.0],[78.57755856818184],"{""type"":""MultiPoint"",""coordinates"":[]}"
269,[140.0],16PBT,[140.0],[99.002126],"{""type"":""MultiPoint"",""coordinates"":[]}"
270,[140.0],16PBU,[140.0],[38.12383293181818],"{""type"":""MultiPoint"",""coordinates"":[]}"
271,[140.0],16PCT,[140.0],[89.3263452142857],"{""type"":""MultiPoint"",""coordinates"":[]}"
272,[140.0],16PCU,[140.0],[9.437707400000003],"{""type"":""MultiPoint"",""coordinates"":[]}"
273,[140.0],15MXT,[140.0],[36.84294497674418],"{""type"":""MultiPoint"",""coordinates"":[]}"
274,[140.0],15MXU,[140.0],[2.123764139534884],"{""type"":""MultiPoint"",""coordinates"":[]}"
275,"[140.0, 97.0]",15MYS,"[140.0, 97.0]","[98.90468600000001, 99.56629652941177]","{""type"":""MultiPoint"",""coordinates"":[]}"
276,[140.0],15MYU,[140.0],[7.142857142857144E-8],"{""type"":""MultiPoint"",""coordinates"":[]}"
277,[140.0],15MYV,[140.0],[0.0],"{""type"":""MultiPoint"",""coordinates"":[]}"
278,[140.0],15NYA,[140.0],[1.906603534883721],"{""type"":""MultiPoint"",""coordinates"":[]}"
279,[140.0],15NYB,[140.0],[46.26710264285714],"{""type"":""MultiPoint"",""coordinates"":[]}"
280,"[140.0, 97.0]",15NZB,"[140.0, 97.0]","[67.67292702380955, 97.44438779999999]","{""type"":""MultiPoint"",""coordinates"":[]}"
281,"[140.0, 97.0]",16NBG,"[140.0, 97.0]","[90.62413073809523, 90.72022125]","{""type"":""MultiPoint"",""coordinates"":[]}"
282,[69.0],14PKC,[69.0],[95.56745570000001],"{""type"":""MultiPoint"",""coordinates"":[]}"
283,[69.0],14PLC,[69.0],[77.93182554761906],"{""type"":""MultiPoint"",""coordinates"":[]}"
284,[69.0],14PMC,[69.0],[57.029416619047616],"{""type"":""MultiPoint"",""coordinates"":[]}"
285,[69.0],14QMD,[69.0],[2.222897651162792],"{""type"":""MultiPoint"",""coordinates"":[]}"
286,[69.0],14QME,[69.0],[3.7693417954545465],"{""type"":""MultiPoint"",""coordinates"":[]}"
287,[69.0],14QMF,[69.0],[5.736834577777779],"{""type"":""MultiPoint"",""coordinates"":[]}"
288,[69.0],14QMG,[69.0],[3.7307862500000013],"{""type"":""MultiPoint"",""coordinates"":[]}"
289,[69.0],14QNH,[69.0],[1.0333333333333335E-5],"{""type"":""MultiPoint"",""coordinates"":[]}"
290,[69.0],14QNJ,[69.0],[1.9230756046511628],"{""type"":""MultiPoint"",""coordinates"":[]}"
291,[69.0],14QNK,[69.0],[7.423559826086957],"{""type"":""MultiPoint"",""coordinates"":[]}"
292,[69.0],14QNL,[69.0],[4.363976136363637],"{""type"":""MultiPoint"",""coordinates"":[]}"
293,[69.0],14QPM,[69.0],[2.2170211627906977],"{""type"":""MultiPoint"",""coordinates"":[]}"
294,[69.0],14RPN,[69.0],[2.224575511627907],"{""type"":""MultiPoint"",""coordinates"":[]}"
295,[69.0],14RPP,[69.0],[1.9216877209302325],"{""type"":""MultiPoint"",""coordinates"":[]}"
296,[69.0],14RPQ,[69.0],[1.907688023255814],"{""type"":""MultiPoint"",""coordinates"":[]}"
297,[69.0],14RQS,[69.0],[7.142857142857142E-7],"{""type"":""MultiPoint"",""coordinates"":[]}"
298,[69.0],14RQT,[69.0],[1.9071259302325592],"{""type"":""MultiPoint"",""coordinates"":[]}"
299,[69.0],14RQU,[69.0],[4.070888863636364],"{""type"":""MultiPoint"",""coordinates"":[]}"
300,[69.0],15STR,[69.0],[5.7880143777777775],"{""type"":""MultiPoint"",""coordinates"":[]}"
301,[69.0],15STS,[69.0],[3.897368727272728],"{""type"":""MultiPoint"",""coordinates"":[]}"
302,[69.0],15SUV,[69.0],[1.6161904761904765E-4],"{""type"":""MultiPoint"",""coordinates"":[]}"
303,[69.0],12JVQ,[69.0],[91.52063169047618],"{""type"":""MultiPoint"",""coordinates"":[]}"
304,[69.0],12JVR,[69.0],[79.14902004761905],"{""type"":""MultiPoint"",""coordinates"":[]}"
305,[69.0],12JWQ,[69.0],[65.04596185714287],"{""type"":""MultiPoint"",""coordinates"":[]}"
306,[69.0],12JWR,[69.0],[40.405727761904764],"{""type"":""MultiPoint"",""coordinates"":[]}"
307,[69.0],12JXQ,[69.0],[43.062096095238104],"{""type"":""MultiPoint"",""coordinates"":[]}"
308,[69.0],12JXR,[69.0],[61.7038397142857],"{""type"":""MultiPoint"",""coordinates"":[]}"
309,[69.0],12JYQ,[69.0],[55.463286428571436],"{""type"":""MultiPoint"",""coordinates"":[]}"
310,[69.0],12JYR,[69.0],[87.65289892857142],"{""type"":""MultiPoint"",""coordinates"":[]}"
311,[141.0],12QUK,[141.0],[95.08918750000002],"{""type"":""MultiPoint"",""coordinates"":[]}"
312,[141.0],12QUL,[141.0],[67.75942148837211],"{""type"":""MultiPoint"",""coordinates"":[]}"
313,[141.0],12QVK,[141.0],[77.50676604878046],"{""type"":""MultiPoint"",""coordinates"":[]}"
314,"[141.0, 41.0]",12QVL,"[141.0, 41.0]","[4.128341279069767, 99.8748577222222]","{""type"":""MultiPoint"",""coordinates"":[]}"
315,[141.0],12QWL,[141.0],[3.8120018372093027],"{""type"":""MultiPoint"",""coordinates"":[]}"
316,[141.0],12QWM,[141.0],[4.261882697674419],"{""type"":""MultiPoint"",""coordinates"":[]}"
317,[141.0],12RWN,[141.0],[9.106984717391304],"{""type"":""MultiPoint"",""coordinates"":[]}"
318,[141.0],12RXQ,[141.0],[4.471639302325581],"{""type"":""MultiPoint"",""coordinates"":[]}"
319,[141.0],12RXR,[141.0],[7.683066866666665],"{""type"":""MultiPoint"",""coordinates"":[]}"
320,[141.0],12RXS,[141.0],[5.5916789318181825],"{""type"":""MultiPoint"",""coordinates"":[]}"
321,"[141.0, 41.0]",12RXT,"[141.0, 41.0]","[7.96341463414634E-5, 100.0]","{""type"":""MultiPoint"",""coordinates"":[]}"
322,[141.0],12RYV,[141.0],[1.9514827619047619],"{""type"":""MultiPoint"",""coordinates"":[]}"
323,[141.0],12SYA,[141.0],[2.3076409523809525],"{""type"":""MultiPoint"",""coordinates"":[]}"
324,[141.0],12SYB,[141.0],[3.8206915116279077],"{""type"":""MultiPoint"",""coordinates"":[]}"
325,[141.0],13SBT,[141.0],[2.137677023809524],"{""type"":""MultiPoint"",""coordinates"":[]}"
326,[141.0],13SBU,[141.0],[1.971534627906977],"{""type"":""MultiPoint"",""coordinates"":[]}"
327,[141.0],11QRA,[141.0],[96.93981566666665],"{""type"":""MultiPoint"",""coordinates"":[]}"
328,[141.0],12QTF,[141.0],[86.41887809523809],"{""type"":""MultiPoint"",""coordinates"":[]}"
329,[141.0],12QTG,[141.0],[81.88756473809524],"{""type"":""MultiPoint"",""coordinates"":[]}"
330,[141.0],12QUF,[141.0],[53.795283833333336],"{""type"":""MultiPoint"",""coordinates"":[]}"
331,[141.0],12QUG,[141.0],[53.5046915952381],"{""type"":""MultiPoint"",""coordinates"":[]}"
332,[141.0],12QVF,[141.0],[33.18709402380953],"{""type"":""MultiPoint"",""coordinates"":[]}"
333,[141.0],12QVG,[141.0],[72.78073373170734],"{""type"":""MultiPoint"",""coordinates"":[]}"
334,[141.0],12QWE,[141.0],[99.95074925],"{""type"":""MultiPoint"",""coordinates"":[]}"
335,[141.0],12QWF,[141.0],[55.986122404761915],"{""type"":""MultiPoint"",""coordinates"":[]}"
336,[141.0],12QWG,[141.0],[94.49654846341464],"{""type"":""MultiPoint"",""coordinates"":[]}"
337,[70.0],10SEB,[70.0],[81.41610904761903],"{""type"":""MultiPoint"",""coordinates"":[]}"
338,[70.0],10SEC,[70.0],[74.24640699999999],"{""type"":""MultiPoint"",""coordinates"":[]}"
339,[70.0],10SFB,[70.0],[41.37387050000001],"{""type"":""MultiPoint"",""coordinates"":[]}"
340,[70.0],10SGC,[70.0],[2.0276865116279073],"{""type"":""MultiPoint"",""coordinates"":[]}"
341,[70.0],10SGD,[70.0],[4.2154833181818185],"{""type"":""MultiPoint"",""coordinates"":[]}"
342,[70.0],08KNU,[70.0],[62.75696871428573],"{""type"":""MultiPoint"",""coordinates"":[]}"
343,[70.0],08KPA,[70.0],[18.951177785714282],"{""type"":""MultiPoint"",""coordinates"":[]}"
344,[70.0],08KPV,[70.0],[2.0266710232558136],"{""type"":""MultiPoint"",""coordinates"":[]}"
345,[142.0],09UVQ,[142.0],[63.23833772093023],"{""type"":""MultiPoint"",""coordinates"":[]}"
346,"[142.0, 42.0]",09UWQ,"[142.0, 42.0]","[22.238197720930227, 97.06846441025642]","{""type"":""MultiPoint"",""coordinates"":[]}"
347,[142.0],06LYN,[142.0],[51.354474380952375],"{""type"":""MultiPoint"",""coordinates"":[]}"
348,[142.0],06LYP,[142.0],[37.2842992857143],"{""type"":""MultiPoint"",""coordinates"":[]}"
349,[142.0],06LZN,[142.0],[26.542280857142856],"{""type"":""MultiPoint"",""coordinates"":[]}"
350,[142.0],06LZP,[142.0],[33.13343628571428],"{""type"":""MultiPoint"",""coordinates"":[]}"
351,[142.0],07LBH,[142.0],[15.905182976190483],"{""type"":""MultiPoint"",""coordinates"":[]}"
352,[142.0],07LBJ,[142.0],[43.89751992857142],"{""type"":""MultiPoint"",""coordinates"":[]}"
353,[142.0],06KVC,[142.0],[97.12271264285714],"{""type"":""MultiPoint"",""coordinates"":[]}"
354,[142.0],06KVD,[142.0],[84.81809543181815],"{""type"":""MultiPoint"",""coordinates"":[]}"
355,[142.0],06KWC,[142.0],[79.14195970454546],"{""type"":""MultiPoint"",""coordinates"":[]}"
356,[142.0],06KWD,[142.0],[4.220345659090909],"{""type"":""MultiPoint"",""coordinates"":[]}"
357,[142.0],06KXC,[142.0],[58.70541765909092],"{""type"":""MultiPoint"",""coordinates"":[]}"
358,[142.0],06KXD,[142.0],[4.155010181818182],"{""type"":""MultiPoint"",""coordinates"":[]}"
359,[142.0],06KXE,[142.0],[1.9062699534883722],"{""type"":""MultiPoint"",""coordinates"":[]}"
360,[142.0],06KXF,[142.0],[2.237005279069767],"{""type"":""MultiPoint"",""coordinates"":[]}"
361,[142.0],06KYC,[142.0],[58.05789359090911],"{""type"":""MultiPoint"",""coordinates"":[]}"
362,[142.0],06KYD,[142.0],[12.532619023809518],"{""type"":""MultiPoint"",""coordinates"":[]}"
363,[142.0],06KYG,[142.0],[4.01773715909091],"{""type"":""MultiPoint"",""coordinates"":[]}"
364,[142.0],06LYH,[142.0],[0.0],"{""type"":""MultiPoint"",""coordinates"":[]}"
365,[142.0],06LYJ,[142.0],[0.0],"{""type"":""MultiPoint"",""coordinates"":[]}"
366,[142.0],06LYK,[142.0],[71.57821597619046],"{""type"":""MultiPoint"",""coordinates"":[]}"
367,[142.0],06JVT,[142.0],[92.6192836190476],"{""type"":""MultiPoint"",""coordinates"":[]}"
368,[142.0],06JWT,[142.0],[72.07074821428571],"{""type"":""MultiPoint"",""coordinates"":[]}"
369,[142.0],06JXT,[142.0],[74.01849442857143],"{""type"":""MultiPoint"",""coordinates"":[]}"
370,[142.0],06KWU,[142.0],[32.92103097619048],"{""type"":""MultiPoint"",""coordinates"":[]}"
371,[142.0],06KXU,[142.0],[68.59694678571428],"{""type"":""MultiPoint"",""coordinates"":[]}"
372,[71.0],07UFB,[71.0],[98.60588266666666],"{""type"":""MultiPoint"",""coordinates"":[]}"
373,[71.0],07VEC,[71.0],[97.29222764999999],"{""type"":""MultiPoint"",""coordinates"":[]}"
374,[71.0],07VFC,[71.0],[19.70048031707317],"{""type"":""MultiPoint"",""coordinates"":[]}"
375,[71.0],04LHP,[71.0],[65.0952068780488],"{""type"":""MultiPoint"",""coordinates"":[]}"
376,[71.0],04LHQ,[71.0],[0.0],"{""type"":""MultiPoint"",""coordinates"":[]}"
377,[71.0],04LHR,[71.0],[1.950883619047619],"{""type"":""MultiPoint"",""coordinates"":[]}"
378,[71.0],04MHS,[71.0],[2.140766857142857],"{""type"":""MultiPoint"",""coordinates"":[]}"
379,[71.0],04MHT,[71.0],[2.0349739285714286],"{""type"":""MultiPoint"",""coordinates"":[]}"
380,[71.0],05LKL,[71.0],[1.9504425],"{""type"":""MultiPoint"",""coordinates"":[]}"
381,[71.0],05MKM,[71.0],[1.9776610238095238],"{""type"":""MultiPoint"",""coordinates"":[]}"
382,[71.0],05MKN,[71.0],[4.415662069767442],"{""type"":""MultiPoint"",""coordinates"":[]}"
383,[71.0],05MKP,[71.0],[1.9666988095238098],"{""type"":""MultiPoint"",""coordinates"":[]}"
384,[71.0],05MKQ,[71.0],[54.60306826829267],"{""type"":""MultiPoint"",""coordinates"":[]}"
385,[71.0],05MLM,[71.0],[34.54827157142857],"{""type"":""MultiPoint"",""coordinates"":[]}"
386,[71.0],05MLN,[71.0],[15.234519690476194],"{""type"":""MultiPoint"",""coordinates"":[]}"
387,[71.0],05MLP,[71.0],[2.7664073571428567],"{""type"":""MultiPoint"",""coordinates"":[]}"
388,[71.0],05MLQ,[71.0],[75.18487458536586],"{""type"":""MultiPoint"",""coordinates"":[]}"
389,[71.0],05MMN,[71.0],[99.11062161904763],"{""type"":""MultiPoint"",""coordinates"":[]}"
390,[71.0],05MMP,[71.0],[84.89800907317073],"{""type"":""MultiPoint"",""coordinates"":[]}"
391,[71.0],05MMQ,[71.0],[97.15973134146344],"{""type"":""MultiPoint"",""coordinates"":[]}"
392,[71.0],04KEA,[71.0],[46.23892446341462],"{""type"":""MultiPoint"",""coordinates"":[]}"
393,[71.0],04KEB,[71.0],[7.317073170731708E-8],"{""type"":""MultiPoint"",""coordinates"":[]}"
394,[71.0],04KEC,[71.0],[0.0],"{""type"":""MultiPoint"",""coordinates"":[]}"
395,[71.0],04KED,[71.0],[8.88248919047619],"{""type"":""MultiPoint"",""coordinates"":[]}"
396,[71.0],04KEE,[71.0],[95.88408258536586],"{""type"":""MultiPoint"",""coordinates"":[]}"
397,[71.0],04KFA,[71.0],[55.600527609756085],"{""type"":""MultiPoint"",""coordinates"":[]}"
398,[71.0],04KFB,[71.0],[19.90561290243903],"{""type"":""MultiPoint"",""coordinates"":[]}"
399,[71.0],04KFC,[71.0],[2.3739197073170732],"{""type"":""MultiPoint"",""coordinates"":[]}"
400,[71.0],04KFD,[71.0],[29.492924285714285],"{""type"":""MultiPoint"",""coordinates"":[]}"
401,[71.0],04KGB,[71.0],[99.9838374848485],"{""type"":""MultiPoint"",""coordinates"":[]}"
402,[71.0],04KGC,[71.0],[89.89690931707317],"{""type"":""MultiPoint"",""coordinates"":[]}"
403,[71.0],04KGD,[71.0],[85.48641230952384],"{""type"":""MultiPoint"",""coordinates"":[]}"
404,[143.0],06VWJ,[143.0],[70.39138381395347],"{""type"":""MultiPoint"",""coordinates"":[]}"
405,"[143.0, 100.0]",06VWK,"[143.0, 100.0]","[35.22259481395349, 86.64645]","{""type"":""MultiPoint"",""coordinates"":[]}"
406,[143.0],03QYE,[143.0],[34.76063836585366],"{""type"":""MultiPoint"",""coordinates"":[]}"
407,[143.0],03QYF,[143.0],[81.92407514634144],"{""type"":""MultiPoint"",""coordinates"":[]}"
408,[143.0],03QZD,[143.0],[89.02030209756097],"{""type"":""MultiPoint"",""coordinates"":[]}"
409,[143.0],03QZE,[143.0],[2.2211777804878046],"{""type"":""MultiPoint"",""coordinates"":[]}"
410,[143.0],03QZF,[143.0],[85.18509241463411],"{""type"":""MultiPoint"",""coordinates"":[]}"
411,[143.0],04QBJ,[143.0],[82.63921714634148],"{""type"":""MultiPoint"",""coordinates"":[]}"
412,[143.0],04QBK,[143.0],[3.182280902439025],"{""type"":""MultiPoint"",""coordinates"":[]}"
413,[143.0],04QBL,[143.0],[90.22267548780489],"{""type"":""MultiPoint"",""coordinates"":[]}"
414,[143.0],02KMC,[143.0],[68.2335046097561],"{""type"":""MultiPoint"",""coordinates"":[]}"
415,[143.0],02KNC,[143.0],[47.317493829268294],"{""type"":""MultiPoint"",""coordinates"":[]}"
416,[143.0],02KND,[143.0],[0.0],"{""type"":""MultiPoint"",""coordinates"":[]}"
417,[143.0],02KNE,[143.0],[0.0],"{""type"":""MultiPoint"",""coordinates"":[]}"
418,[143.0],02KNF,[143.0],[0.0],"{""type"":""MultiPoint"",""coordinates"":[]}"
419,[143.0],02KNG,[143.0],[0.0],"{""type"":""MultiPoint"",""coordinates"":[]}"
420,[143.0],02KPG,[143.0],[7.317073170731708E-8],"{""type"":""MultiPoint"",""coordinates"":[]}"
421,[143.0],02KQG,[143.0],[62.76587675609756],"{""type"":""MultiPoint"",""coordinates"":[]}"
422,[143.0],02LPH,[143.0],[7.317073170731708E-8],"{""type"":""MultiPoint"",""coordinates"":[]}"
423,[143.0],02LPJ,[143.0],[2.208365523809524],"{""type"":""MultiPoint"",""coordinates"":[]}"
424,[143.0],02LPK,[143.0],[15.690334428571429],"{""type"":""MultiPoint"",""coordinates"":[]}"
425,[143.0],02LQH,[143.0],[41.83304531707318],"{""type"":""MultiPoint"",""coordinates"":[]}"
426,[143.0],02LQJ,[143.0],[22.397756690476186],"{""type"":""MultiPoint"",""coordinates"":[]}"
427,[143.0],02LQK,[143.0],[40.611539619047605],"{""type"":""MultiPoint"",""coordinates"":[]}"
428,[143.0],02LRK,[143.0],[98.11384214634147],"{""type"":""MultiPoint"",""coordinates"":[]}"
429,[143.0],01GBM,[143.0],[85.93531707317074],"{""type"":""MultiPoint"",""coordinates"":[]}"
430,[143.0],01GBN,[143.0],[96.95953226829268],"{""type"":""MultiPoint"",""coordinates"":[]}"
431,[143.0],01GCL,[143.0],[99.41852610526317],"{""type"":""MultiPoint"",""coordinates"":[]}"
432,[143.0],01GCM,[143.0],[15.663085268292683],"{""type"":""MultiPoint"",""coordinates"":[]}"
433,[143.0],01GCN,[143.0],[68.41507907317074],"{""type"":""MultiPoint"",""coordinates"":[]}"
434,[143.0],01GDN,[143.0],[88.79969514634148],"{""type"":""MultiPoint"",""coordinates"":[]}"
435,"[72.0, 115.0]",15XWN,"[72.0, 115.0]","[96.69858504999999, 97.36611883333335]","{""type"":""MultiPoint"",""coordinates"":[]}"
436,[72.0],03UXU,[72.0],[58.60844640425531],"{""type"":""MultiPoint"",""coordinates"":[]}"
437,[72.0],03UYU,[72.0],[85.05439583928572],"{""type"":""MultiPoint"",""coordinates"":[]}"
438,[72.0],04UCD,[72.0],[87.05538970491804],"{""type"":""MultiPoint"",""coordinates"":[]}"
439,[72.0],01LAH,[72.0],[80.24915570731707],"{""type"":""MultiPoint"",""coordinates"":[]}"
440,[72.0],01LAJ,[72.0],[26.548963048780486],"{""type"":""MultiPoint"",""coordinates"":[]}"
441,[72.0],01LAK,[72.0],[7.7093158780487805],"{""type"":""MultiPoint"",""coordinates"":[]}"
442,[72.0],01LAL,[72.0],[3.4146341463414634E-7],"{""type"":""MultiPoint"",""coordinates"":[]}"
443,[72.0],01LBK,[72.0],[96.60757170731706],"{""type"":""MultiPoint"",""coordinates"":[]}"
444,[72.0],01LBL,[72.0],[79.38844699999999],"{""type"":""MultiPoint"",""coordinates"":[]}"
445,[72.0],01MAM,[72.0],[1.8672923170731706],"{""type"":""MultiPoint"",""coordinates"":[]}"
446,[72.0],01MAN,[72.0],[88.52688631707316],"{""type"":""MultiPoint"",""coordinates"":[]}"
447,[72.0],01MBM,[72.0],[66.54559968292683],"{""type"":""MultiPoint"",""coordinates"":[]}"
448,[72.0],60LWP,[72.0],[50.012216341463414],"{""type"":""MultiPoint"",""coordinates"":[]}"
449,[72.0],60LWQ,[72.0],[53.167159731707315],"{""type"":""MultiPoint"",""coordinates"":[]}"
450,[72.0],60LXN,[72.0],[96.19702339024391],"{""type"":""MultiPoint"",""coordinates"":[]}"
451,[72.0],60LXP,[72.0],[7.570389658536585],"{""type"":""MultiPoint"",""coordinates"":[]}"
452,[72.0],60LXQ,[72.0],[0.0],"{""type"":""MultiPoint"",""coordinates"":[]}"
453,[72.0],60LYN,[72.0],[76.31084531707315],"{""type"":""MultiPoint"",""coordinates"":[]}"
454,[72.0],60LYP,[72.0],[0.004566073170731708],"{""type"":""MultiPoint"",""coordinates"":[]}"
455,[72.0],60LYQ,[72.0],[1.2536585365853659E-5],"{""type"":""MultiPoint"",""coordinates"":[]}"
456,[72.0],60LYR,[72.0],[0.0],"{""type"":""MultiPoint"",""coordinates"":[]}"
457,[72.0],60MYS,[72.0],[0.0],"{""type"":""MultiPoint"",""coordinates"":[]}"
458,[72.0],60MYT,[72.0],[75.04960329268293],"{""type"":""MultiPoint"",""coordinates"":[]}"
459,[72.0],60KUC,[72.0],[98.47467180487806],"{""type"":""MultiPoint"",""coordinates"":[]}"
460,[72.0],60KUD,[72.0],[18.608263780487796],"{""type"":""MultiPoint"",""coordinates"":[]}"
461,[72.0],60KUE,[72.0],[27.582526682926833],"{""type"":""MultiPoint"",""coordinates"":[]}"
462,[72.0],60KUF,[72.0],[49.3408553095238],"{""type"":""MultiPoint"",""coordinates"":[]}"
463,[72.0],60KUG,[72.0],[69.99112448837208],"{""type"":""MultiPoint"",""coordinates"":[]}"
464,[72.0],60KVC,[72.0],[83.12142914634147],"{""type"":""MultiPoint"",""coordinates"":[]}"
465,[72.0],60KVD,[72.0],[0.3140441707317073],"{""type"":""MultiPoint"",""coordinates"":[]}"
466,[72.0],60KVE,[72.0],[0.0],"{""type"":""MultiPoint"",""coordinates"":[]}"
467,[72.0],60KVF,[72.0],[1.9970304761904762],"{""type"":""MultiPoint"",""coordinates"":[]}"
468,[72.0],60KVG,[72.0],[4.056619837209302],"{""type"":""MultiPoint"",""coordinates"":[]}"
469,[72.0],60KWF,[72.0],[4.212472813953488],"{""type"":""MultiPoint"",""coordinates"":[]}"
470,[72.0],60KWG,[72.0],[1.9506816666666666],"{""type"":""MultiPoint"",""coordinates"":[]}"
471,[72.0],60LUH,[72.0],[89.51511917073168],"{""type"":""MultiPoint"",""coordinates"":[]}"
472,[72.0],60LVH,[72.0],[2.1506241219512194],"{""type"":""MultiPoint"",""coordinates"":[]}"
473,[72.0],60LVJ,[72.0],[41.01216019512195],"{""type"":""MultiPoint"",""coordinates"":[]}"
474,[72.0],60LWH,[72.0],[0.0],"{""type"":""MultiPoint"",""coordinates"":[]}"
475,[72.0],60LWJ,[72.0],[46.12061597560975],"{""type"":""MultiPoint"",""coordinates"":[]}"
476,[72.0],59HMA,[72.0],[60.22088716666667],"{""type"":""MultiPoint"",""coordinates"":[]}"
477,[72.0],59HMB,[72.0],[83.3688125952381],"{""type"":""MultiPoint"",""coordinates"":[]}"
478,[72.0],59HMV,[72.0],[91.10800041463416],"{""type"":""MultiPoint"",""coordinates"":[]}"
479,[72.0],59HNA,[72.0],[1.9516812142857145],"{""type"":""MultiPoint"",""coordinates"":[]}"
480,[72.0],59HNB,[72.0],[0.4680351707317073],"{""type"":""MultiPoint"",""coordinates"":[]}"
481,[72.0],59HNC,[72.0],[65.92893609756096],"{""type"":""MultiPoint"",""coordinates"":[]}"
482,[72.0],59HNV,[72.0],[67.57015743902438],"{""type"":""MultiPoint"",""coordinates"":[]}"
483,[72.0],59HPB,[72.0],[0.6840753902439025],"{""type"":""MultiPoint"",""coordinates"":[]}"
484,[72.0],59HPC,[72.0],[83.5976805609756],"{""type"":""MultiPoint"",""coordinates"":[]}"
485,[72.0],58FGM,[72.0],[90.40881146341466],"{""type"":""MultiPoint"",""coordinates"":[]}"
486,[72.0],58GGU,[72.0],[77.72958633333334],"{""type"":""MultiPoint"",""coordinates"":[]}"
487,[72.0],59FLG,[72.0],[82.32630321951221],"{""type"":""MultiPoint"",""coordinates"":[]}"
488,[72.0],59FMG,[72.0],[89.71699309756099],"{""type"":""MultiPoint"",""coordinates"":[]}"
489,[72.0],59GKP,[72.0],[79.84958192857141],"{""type"":""MultiPoint"",""coordinates"":[]}"
490,[72.0],59GLP,[72.0],[1.9693641190476197],"{""type"":""MultiPoint"",""coordinates"":[]}"
491,[72.0],59GLQ,[72.0],[12.893851761904763],"{""type"":""MultiPoint"",""coordinates"":[]}"
492,[72.0],59GLR,[72.0],[35.27387595238095],"{""type"":""MultiPoint"",""coordinates"":[]}"
493,[72.0],59GMQ,[72.0],[1.9533125952380952],"{""type"":""MultiPoint"",""coordinates"":[]}"
494,[72.0],59GMR,[72.0],[1.9522364761904762],"{""type"":""MultiPoint"",""coordinates"":[]}"
495,[72.0],59HLS,[72.0],[79.21924092682924],"{""type"":""MultiPoint"",""coordinates"":[]}"
496,[72.0],59HMS,[72.0],[72.95375448780487],"{""type"":""MultiPoint"",""coordinates"":[]}"
497,[72.0],58FGJ,[72.0],[62.06605502040815],"{""type"":""MultiPoint"",""coordinates"":[]}"
498,[72.0],59FLD,[72.0],[73.03436334693878],"{""type"":""MultiPoint"",""coordinates"":[]}"
499,[1.0],13XEN,[1.0],[96.33640795],"{""type"":""MultiPoint"",""coordinates"":[]}"
500,[1.0],01UER,[1.0],[68.48823529268293],"{""type"":""MultiPoint"",""coordinates"":[]}"
501,[1.0],01UFR,[1.0],[95.59604453658537],"{""type"":""MultiPoint"",""coordinates"":[]}"
502,[1.0],59NKE,[1.0],[38.95995558536586],"{""type"":""MultiPoint"",""coordinates"":[]}"
503,[1.0],59NLD,[1.0],[99.55007552631581],"{""type"":""MultiPoint"",""coordinates"":[]}"
504,[1.0],59NLE,[1.0],[18.61787656097561],"{""type"":""MultiPoint"",""coordinates"":[]}"
505,[1.0],59NLF,[1.0],[1.9522571666666666],"{""type"":""MultiPoint"",""coordinates"":[]}"
506,[1.0],59NLG,[1.0],[0.0],"{""type"":""MultiPoint"",""coordinates"":[]}"
507,[1.0],59NLH,[1.0],[0.0],"{""type"":""MultiPoint"",""coordinates"":[]}"
508,[1.0],59NLJ,[1.0],[0.0],"{""type"":""MultiPoint"",""coordinates"":[]}"
509,[1.0],59NMJ,[1.0],[7.897560975609756E-5],"{""type"":""MultiPoint"",""coordinates"":[]}"
510,[1.0],59PMK,[1.0],[0.0],"{""type"":""MultiPoint"",""coordinates"":[]}"
511,[1.0],59PML,[1.0],[0.0],"{""type"":""MultiPoint"",""coordinates"":[]}"
512,[1.0],59PMM,[1.0],[0.0],"{""type"":""MultiPoint"",""coordinates"":[]}"
513,[1.0],59PMN,[1.0],[0.0],"{""type"":""MultiPoint"",""coordinates"":[]}"
514,[1.0],59PNM,[1.0],[0.052859121951219515],"{""type"":""MultiPoint"",""coordinates"":[]}"
515,[1.0],59PNN,[1.0],[1.1170731707317073E-5],"{""type"":""MultiPoint"",""coordinates"":[]}"
516,[1.0],59PNP,[1.0],[0.0],"{""type"":""MultiPoint"",""coordinates"":[]}"
517,[1.0],59PNQ,[1.0],[19.080504780487807],"{""type"":""MultiPoint"",""coordinates"":[]}"
518,[1.0],59PPM,[1.0],[81.34198973170732],"{""type"":""MultiPoint"",""coordinates"":[]}"
519,[1.0],59PPN,[1.0],[60.98340980487805],"{""type"":""MultiPoint"",""coordinates"":[]}"
520,[1.0],59PPP,[1.0],[40.67057314634147],"{""type"":""MultiPoint"",""coordinates"":[]}"
521,[1.0],59PPQ,[1.0],[53.90858578048781],"{""type"":""MultiPoint"",""coordinates"":[]}"
522,[1.0],58KCD,[1.0],[7.908619733333334],"{""type"":""MultiPoint"",""coordinates"":[]}"
523,[1.0],58KDE,[1.0],[1.4634146341463415E-7],"{""type"":""MultiPoint"",""coordinates"":[]}"
524,[1.0],58KDF,[1.0],[7.317073170731708E-8],"{""type"":""MultiPoint"",""coordinates"":[]}"
525,[1.0],58KDG,[1.0],[1.9523500714285715],"{""type"":""MultiPoint"",""coordinates"":[]}"
526,[1.0],58LDH,[1.0],[7.292485955555555],"{""type"":""MultiPoint"",""coordinates"":[]}"
527,[1.0],58LEJ,[1.0],[0.0],"{""type"":""MultiPoint"",""coordinates"":[]}"
528,[1.0],58LEK,[1.0],[0.0],"{""type"":""MultiPoint"",""coordinates"":[]}"
529,[1.0],58LEL,[1.0],[0.0],"{""type"":""MultiPoint"",""coordinates"":[]}"
530,[1.0],58LEM,[1.0],[2.1692417142857146],"{""type"":""MultiPoint"",""coordinates"":[]}"
531,[1.0],58LEN,[1.0],[2.016225738095238],"{""type"":""MultiPoint"",""coordinates"":[]}"
532,[1.0],58LFN,[1.0],[0.0],"{""type"":""MultiPoint"",""coordinates"":[]}"
533,[1.0],58LFP,[1.0],[1.949535904761905],"{""type"":""MultiPoint"",""coordinates"":[]}"
534,[1.0],58LFQ,[1.0],[16.47993288095238],"{""type"":""MultiPoint"",""coordinates"":[]}"
535,"[1.0, 101.0]",58LGQ,"[1.0, 101.0]","[47.55353204761906, 97.38358092857143]","{""type"":""MultiPoint"",""coordinates"":[]}"
536,[1.0],57KZS,[1.0],[40.909141195121954],"{""type"":""MultiPoint"",""coordinates"":[]}"
537,[1.0],58KBB,[1.0],[24.304210024390247],"{""type"":""MultiPoint"",""coordinates"":[]}"
538,[1.0],58KCA,[1.0],[92.51634204878052],"{""type"":""MultiPoint"",""coordinates"":[]}"
539,[1.0],58KCB,[1.0],[3.837370317073171],"{""type"":""MultiPoint"",""coordinates"":[]}"
540,[1.0],58KCC,[1.0],[1.9522822380952383],"{""type"":""MultiPoint"",""coordinates"":[]}"
541,[73.0],11XNN,[73.0],[96.7457975],"{""type"":""MultiPoint"",""coordinates"":[]}"
542,[73.0],58UGD,[73.0],[89.43008956097559],"{""type"":""MultiPoint"",""coordinates"":[]}"
543,[73.0],59ULU,[73.0],[85.82971848780485],"{""type"":""MultiPoint"",""coordinates"":[]}"
544,[73.0],59UPV,[73.0],[98.06414911111113],"{""type"":""MultiPoint"",""coordinates"":[]}"
545,[76.0],44PRR,[76.0],[99.96759272413794],"{""type"":""MultiPoint"",""coordinates"":[]}"
546,[77.0],41PKT,[77.0],[99.9816848108108],"{""type"":""MultiPoint"",""coordinates"":[]}"
547,"[122.0, 79.0]",29GNL,"[122.0, 79.0]","[17.50944290476191, 97.97625976190477]","{""type"":""MultiPoint"",""coordinates"":[]}"
548,"[122.0, 79.0]",29GNM,"[122.0, 79.0]","[3.0E-7, 45.39417263636364]","{""type"":""MultiPoint"",""coordinates"":[]}"
549,"[122.0, 79.0]",29GNN,"[122.0, 79.0]","[0.0, 63.59786600000001]","{""type"":""MultiPoint"",""coordinates"":[]}"
550,"[79.0, 122.0]",29GPL,"[79.0, 122.0]","[78.24816609523808, 81.12806371428572]","{""type"":""MultiPoint"",""coordinates"":[]}"
551,"[79.0, 122.0]",29GPM,"[79.0, 122.0]","[3.799754772727273, 56.542442699999995]","{""type"":""MultiPoint"",""coordinates"":[]}"
552,"[79.0, 122.0]",29GPN,"[79.0, 122.0]","[0.0, 32.6752]","{""type"":""MultiPoint"",""coordinates"":[]}"
553,"[79.0, 122.0]",29GPP,"[79.0, 122.0]","[3.438955238095239, 9.053708200000003]","{""type"":""MultiPoint"",""coordinates"":[]}"
554,"[122.0, 79.0]",29GPQ,"[122.0, 79.0]","[1.5E-7, 29.649483999999998]","{""type"":""MultiPoint"",""coordinates"":[]}"
555,"[122.0, 79.0]",29GPR,"[122.0, 79.0]","[8.5E-7, 55.22466904545453]","{""type"":""MultiPoint"",""coordinates"":[]}"
556,[79.0],29GQL,[79.0],[50.4587026190476],"{""type"":""MultiPoint"",""coordinates"":[]}"
557,[79.0],29GQM,[79.0],[3.7169444090909094],"{""type"":""MultiPoint"",""coordinates"":[]}"
558,[79.0],29GQN,[79.0],[1.4285714285714287E-7],"{""type"":""MultiPoint"",""coordinates"":[]}"
559,"[79.0, 122.0]",29GQP,"[79.0, 122.0]","[0.0, 96.53809284999998]","{""type"":""MultiPoint"",""coordinates"":[]}"
560,"[79.0, 122.0]",29GQQ,"[79.0, 122.0]","[3.770392090909091, 75.57135650000001]","{""type"":""MultiPoint"",""coordinates"":[]}"
561,"[79.0, 122.0]",29GQR,"[79.0, 122.0]","[4.316427909090909, 51.305096549999995]","{""type"":""MultiPoint"",""coordinates"":[]}"
562,"[122.0, 79.0]",29HPS,"[122.0, 79.0]","[0.0, 80.75306338095237]","{""type"":""MultiPoint"",""coordinates"":[]}"
563,"[79.0, 122.0]",29HQS,"[79.0, 122.0]","[4.122920909090909, 26.926580350000002]","{""type"":""MultiPoint"",""coordinates"":[]}"
564,"[122.0, 79.0]",29HQT,"[122.0, 79.0]","[8.455554761904764, 20.527022000000002]","{""type"":""MultiPoint"",""coordinates"":[]}"
565,"[122.0, 79.0]",29HQU,"[122.0, 79.0]","[0.0, 71.72124571428571]","{""type"":""MultiPoint"",""coordinates"":[]}"
566,"[79.0, 122.0]",30GTA,"[79.0, 122.0]","[4.389447227272727, 60.99874135]","{""type"":""MultiPoint"",""coordinates"":[]}"
567,"[79.0, 122.0]",30GTU,"[79.0, 122.0]","[0.0, 95.32487535000001]","{""type"":""MultiPoint"",""coordinates"":[]}"
568,"[79.0, 122.0]",30GTV,"[79.0, 122.0]","[3.7438949090909093, 78.71638505000001]","{""type"":""MultiPoint"",""coordinates"":[]}"
569,[79.0],30GUA,[79.0],[0.0],"{""type"":""MultiPoint"",""coordinates"":[]}"
570,[79.0],30GUR,[79.0],[74.29164400000002],"{""type"":""MultiPoint"",""coordinates"":[]}"
571,[79.0],30GUS,[79.0],[40.72802522727273],"{""type"":""MultiPoint"",""coordinates"":[]}"
572,[79.0],30GUT,[79.0],[18.519390333333334],"{""type"":""MultiPoint"",""coordinates"":[]}"
573,[79.0],30GUU,[79.0],[2.0658799523809526],"{""type"":""MultiPoint"",""coordinates"":[]}"
574,[79.0],30GUV,[79.0],[3.730252272727273],"{""type"":""MultiPoint"",""coordinates"":[]}"
575,[79.0],30GVA,[79.0],[48.863356571428575],"{""type"":""MultiPoint"",""coordinates"":[]}"
576,[79.0],30GVT,[79.0],[99.95308204761906],"{""type"":""MultiPoint"",""coordinates"":[]}"
577,[79.0],30GVU,[79.0],[89.52975271428573],"{""type"":""MultiPoint"",""coordinates"":[]}"
578,[79.0],30GVV,[79.0],[70.46981495454544],"{""type"":""MultiPoint"",""coordinates"":[]}"
579,"[79.0, 122.0]",30HTB,"[79.0, 122.0]","[3.731841727272727, 43.05640645]","{""type"":""MultiPoint"",""coordinates"":[]}"
580,"[79.0, 122.0]",30HTC,"[79.0, 122.0]","[1.1591393333333333, 27.868866904761912]","{""type"":""MultiPoint"",""coordinates"":[]}"
581,"[122.0, 79.0]",30HTD,"[122.0, 79.0]","[6.83692055, 62.055113619047624]","{""type"":""MultiPoint"",""coordinates"":[]}"
582,[79.0],30HUB,[79.0],[3.727506090909091],"{""type"":""MultiPoint"",""coordinates"":[]}"
583,[79.0],30HUC,[79.0],[0.0],"{""type"":""MultiPoint"",""coordinates"":[]}"
584,"[79.0, 122.0]",30HUD,"[79.0, 122.0]","[75.38183214285716, 96.11501464999999]","{""type"":""MultiPoint"",""coordinates"":[]}"
585,[79.0],30HVB,[79.0],[30.948121909090904],"{""type"":""MultiPoint"",""coordinates"":[]}"
586,[79.0],30HVC,[79.0],[15.361209428571426],"{""type"":""MultiPoint"",""coordinates"":[]}"
587,[79.0],30HVD,[79.0],[95.41712976190476],"{""type"":""MultiPoint"",""coordinates"":[]}"
588,[79.0],30HWC,[79.0],[98.4191857142857],"{""type"":""MultiPoint"",""coordinates"":[]}"
589,"[123.0, 80.0]",24FXG,"[123.0, 80.0]","[88.34555368421051, 91.31699846666667]","{""type"":""MultiPoint"",""coordinates"":[]}"
590,"[82.0, 125.0]",20RLV,"[82.0, 125.0]","[70.55479742857145, 74.85060971428571]","{""type"":""MultiPoint"",""coordinates"":[]}"
591,[82.0],20RMV,[82.0],[44.147339428571435],"{""type"":""MultiPoint"",""coordinates"":[]}"
592,[82.0],20RNV,[82.0],[20.93808304761905],"{""type"":""MultiPoint"",""coordinates"":[]}"
593,[82.0],20RPU,[82.0],[99.87683153846154],"{""type"":""MultiPoint"",""coordinates"":[]}"
594,[82.0],20RPV,[82.0],[83.6682690952381],"{""type"":""MultiPoint"",""coordinates"":[]}"
595,"[125.0, 82.0]",20SLA,"[125.0, 82.0]","[9.806059476190475, 36.50690438095239]","{""type"":""MultiPoint"",""coordinates"":[]}"
596,"[125.0, 82.0]",20SLB,"[125.0, 82.0]","[61.86585105000002, 85.37728466666667]","{""type"":""MultiPoint"",""coordinates"":[]}"
597,"[82.0, 125.0]",20SMA,"[82.0, 125.0]","[0.5191990476190478, 94.07810210000001]","{""type"":""MultiPoint"",""coordinates"":[]}"
598,"[82.0, 125.0]",20SMB,"[82.0, 125.0]","[84.27814861904761, 95.81354455000002]","{""type"":""MultiPoint"",""coordinates"":[]}"
599,[82.0],20SNA,[82.0],[15.01871780952381],"{""type"":""MultiPoint"",""coordinates"":[]}"
600,[82.0],20SPA,[82.0],[76.19508223809525],"{""type"":""MultiPoint"",""coordinates"":[]}"
601,[82.0],18HUH,[82.0],[99.94930907499997],"{""type"":""MultiPoint"",""coordinates"":[]}"
602,"[83.0, 126.0]",29XNN,"[83.0, 126.0]","[96.28792299999999, 97.24801475]","{""type"":""MultiPoint"",""coordinates"":[]}"
603,"[84.0, 127.0]",09JWL,"[84.0, 127.0]","[23.06997900000001, 33.52826845]","{""type"":""MultiPoint"",""coordinates"":[]}"
604,[84.0],09JXK,[84.0],[6.917106695652173],"{""type"":""MultiPoint"",""coordinates"":[]}"
605,[84.0],09JXL,[84.0],[7.804084565217392],"{""type"":""MultiPoint"",""coordinates"":[]}"
606,[84.0],09JYN,[84.0],[10.241390791666667],"{""type"":""MultiPoint"",""coordinates"":[]}"
607,"[84.0, 127.0]",09KXQ,"[84.0, 127.0]","[19.721304954545456, 41.59329]","{""type"":""MultiPoint"",""coordinates"":[]}"
608,"[127.0, 84.0]",09KXR,"[127.0, 84.0]","[23.764511904761907, 39.19422476190476]","{""type"":""MultiPoint"",""coordinates"":[]}"
609,"[127.0, 84.0]",09KXS,"[127.0, 84.0]","[22.51500325, 62.18567319047619]","{""type"":""MultiPoint"",""coordinates"":[]}"
610,[84.0],09KXT,[84.0],[97.7120084],"{""type"":""MultiPoint"",""coordinates"":[]}"
611,[84.0],09KYP,[84.0],[11.529333916666666],"{""type"":""MultiPoint"",""coordinates"":[]}"
612,[84.0],09KYQ,[84.0],[0.0],"{""type"":""MultiPoint"",""coordinates"":[]}"
613,"[84.0, 127.0]",09KYR,"[84.0, 127.0]","[0.0, 99.99642366666667]","{""type"":""MultiPoint"",""coordinates"":[]}"
614,"[84.0, 127.0]",09KYS,"[84.0, 127.0]","[11.934046428571426, 96.12830525]","{""type"":""MultiPoint"",""coordinates"":[]}"
615,[84.0],09KYT,[84.0],[97.57681500000001],"{""type"":""MultiPoint"",""coordinates"":[]}"
616,[84.0],09KZS,[84.0],[33.84502690476191],"{""type"":""MultiPoint"",""coordinates"":[]}"
617,"[127.0, 84.0]",09JVJ,"[127.0, 84.0]","[0.0, 80.7785696190476]","{""type"":""MultiPoint"",""coordinates"":[]}"
618,"[127.0, 84.0]",09JVK,"[127.0, 84.0]","[3.9022283809523812, 85.86221471428573]","{""type"":""MultiPoint"",""coordinates"":[]}"
619,"[84.0, 127.0]",09JWJ,"[84.0, 127.0]","[26.437273523809527, 75.54022071428571]","{""type"":""MultiPoint"",""coordinates"":[]}"
620,"[84.0, 127.0]",09JWK,"[84.0, 127.0]","[4.733775500000001, 55.89053061904762]","{""type"":""MultiPoint"",""coordinates"":[]}"
621,[84.0],09JXH,[84.0],[94.01549866666667],"{""type"":""MultiPoint"",""coordinates"":[]}"
622,[84.0],09JXJ,[84.0],[5.898562952380952],"{""type"":""MultiPoint"",""coordinates"":[]}"
623,[84.0],09JYH,[84.0],[87.24330095238095],"{""type"":""MultiPoint"",""coordinates"":[]}"
624,[85.0],05KQV,[85.0],[99.6105294090909],"{""type"":""MultiPoint"",""coordinates"":[]}"
